{"MSE": 2.4539282203898933, "_timestamp": 1685950471.3234959, "_runtime": 5.174792766571045, "_step": 0, "_wandb": {"runtime": 4}}