{"MSE": 2.4514331382737975, "_timestamp": 1685950412.3318546, "_runtime": 9.393966674804688, "_step": 0, "_wandb": {"runtime": 8}}