{"MSE": 2.453983836538874, "_timestamp": 1685949506.8125405, "_runtime": 12.901418447494507, "_step": 0, "_wandb": {"runtime": 906}}