{"MSE": 2.4509540555559424, "_timestamp": 1685950453.5226474, "_runtime": 3.854994297027588, "_step": 0, "_wandb": {"runtime": 3}}