{"MSE": 2.4530825417678725, "_timestamp": 1685950437.882807, "_runtime": 2.667901039123535, "_step": 0, "_wandb": {"runtime": 2}}