{"MSE": 2.4707254529460045, "_timestamp": 1685950424.9987223, "_runtime": 1.987990379333496, "_step": 0, "_wandb": {"runtime": 1}}